,firs_name,last_name,gender,emails,country,location_latitude,location_longitude
0,Brandy,Boone,M,scotttyler@example.com,Latvia,84.9106575,23.804370
1,Rachel,Davis,F,barrypeter@example.net,Serbia,-89.434662,59.115429
2,Deborah,Pham,M,valenzuelaanthony@example.org,Pakistan,55.3343055,-175.058137
3,Teresa,James,M,tanyaswanson@example.net,Cyprus,27.544554,86.187170
4,Kristen,Reed,M,kathleenfarley@example.org,Israel,59.372068,164.829162
5,Ariel,Soto,M,david58@example.com,Madagascar,89.9337805,-78.075202
6,Elizabeth,Matthews,M,gmathis@example.com,Namibia,-80.732043,77.819895
7,Dana,Salinas,M,xortega@example.net,Turkmenistan,10.5835765,-133.578065
8,Jessica,Romero,M,abigaillong@example.com,Saint Martin,-82.061032,71.964333
9,Amanda,Warner,F,kholland@example.net,Denmark,-86.6978195,-72.885466
10,Kimberly,Dalton,M,richardcooper@example.net,Guinea,33.2472345,-35.431683
11,Mary,Lynch,F,reyesmelody@example.net,Malaysia,-55.3048715,98.463283
12,Paula,Harris,M,castillomichael@example.net,Cook Islands,45.484869,41.942459
13,Kari,Kelly,F,aaron89@example.net,Greenland,32.982844,142.044800
14,Alyssa,Hall,M,andreawhite@example.org,South Georgia and the South Sandwich Islands,57.915757,-42.940056
15,Amanda,Acevedo,F,milleralvin@example.org,Saudi Arabia,-14.5168415,-46.018912
16,Debra,Salinas,M,maxwelljones@example.org,Equatorial Guinea,51.567596,-89.727870
17,Mary,Wong,F,shawn57@example.com,Brazil,-83.655642,-12.493629
18,Jasmine,Fisher,M,jonathanking@example.net,Malawi,-33.872566,145.155138
19,Jessica,Cantrell,M,andrewthomas@example.net,Central African Republic,29.6332305,91.822740
20,Megan,Stephens,F,tiffanymccoy@example.net,Maldives,31.0227915,-60.172680
21,Kelly,Johnson,F,donna60@example.net,French Southern Territories,-56.2621415,-66.112665
22,Sheri,Torres,M,collinssheila@example.net,Cayman Islands,21.7153905,123.300242
23,Darlene,Smith,F,garzajeff@example.net,Kuwait,-43.958732,154.450613
24,Katrina,Gray,F,corey96@example.net,Congo,42.1643985,-123.937676
25,Teresa,Price,F,nsmith@example.com,United Arab Emirates,-14.475224,-170.286404
26,Brooke,Mathews,M,matthewlewis@example.net,Bhutan,11.799772,114.004749
27,Hailey,Khan,M,itate@example.org,Bahrain,-79.155085,-134.537645
28,Brandi,Jackson,M,josephcook@example.net,Tajikistan,-21.470784,17.626477
29,Gina,Wilson,F,michellemunoz@example.net,Tuvalu,41.209325,-107.336681
30,Lauren,Carrillo,M,benjamin16@example.org,Switzerland,-56.440937,3.017932
31,Ashley,Matthews,M,jjones@example.org,Mongolia,-68.0572115,-36.803834
32,Holly,Phillips,F,ellisjoshua@example.org,Sweden,-10.6134505,-173.352603
33,Lisa,Smith,F,ywilson@example.org,Comoros,-25.6739095,135.032026
34,Jennifer,Wilson,F,erinmoore@example.org,Jordan,11.543030,111.480878
35,Susan,Carter,M,jennifer51@example.org,Pakistan,-4.794200,-158.729057
36,Alyssa,Buchanan,F,jessica57@example.com,Germany,16.986337,-146.196035
37,Amy,Stewart,F,nrodriguez@example.net,Slovakia (Slovak Republic),55.7371505,71.749563
38,Mary,Green,M,kylesanchez@example.org,Svalbard & Jan Mayen Islands,-14.6268875,-131.995792
39,Victoria,West,F,shelley64@example.org,Greece,-39.852807,-9.954116
40,Rebecca,Riley,F,john18@example.net,Mozambique,69.977477,-130.584293
41,Danielle,Smith,F,richardadams@example.org,Saint Lucia,-69.832500,-168.449718
42,Madison,Carter,M,trevor21@example.net,Slovakia (Slovak Republic),-1.9280565,-138.603503
43,Katrina,Ortega,F,kimberlymercer@example.com,Gambia,-61.310227,96.143983
44,Sandra,Guzman,M,patriciathomas@example.net,Antigua and Barbuda,-5.1559605,154.753818
45,Regina,Meadows,M,gregoryreynolds@example.org,Australia,89.2554905,-47.233493
46,Dawn,Brown,F,jstokes@example.com,Mauritius,27.950219,108.868713
47,Jody,Foster,M,george70@example.net,Venezuela,21.8527275,126.340495
48,Alicia,Holt,M,brittneytaylor@example.com,Indonesia,61.416908,35.329343
49,Carolyn,Davis,M,hsmith@example.com,Macao,84.171550,55.319620
50,Tara,Fowler,M,johnsimpson@example.com,Zimbabwe,-29.5853565,41.322957
51,Gabrielle,Carr,F,teresa30@example.org,Serbia,47.3561965,166.436584
52,Sherry,Moore,M,larryschwartz@example.net,Holy See (Vatican City State),-45.660177,69.525981
53,Linda,Chase,M,qthompson@example.com,Cuba,62.878648,-152.011189
54,Kathleen,Long,M,patrick28@example.net,Armenia,50.706877,-131.465909
55,Rhonda,Fuller,M,jillian12@example.net,Tajikistan,87.091529,-135.972137
56,Jill,Glass,F,bcase@example.com,Chad,-2.633044,55.218690
57,Beth,Stout,M,davidburke@example.com,United States of America,-58.300450,174.608448
58,Elizabeth,Wright,F,moyerallison@example.net,Angola,-81.729935,156.900771
59,Valerie,Allen,F,jamie42@example.net,Cook Islands,-16.656535,-12.960318
60,Laurie,King,M,zmoody@example.org,Mayotte,5.819492,83.501226
61,Jennifer,Martinez,M,ashleyreyes@example.com,Sudan,-60.9716035,-167.034222
62,Bailey,Burgess,F,tammie21@example.net,Holy See (Vatican City State),63.700313,-12.898146
63,Jessica,Byrd,M,aaron77@example.com,Gambia,54.765992,34.427719
64,Gina,Simon,M,ywilson@example.com,Costa Rica,59.4886375,-177.919275
65,Wendy,Reid,F,valeriemurray@example.net,Ireland,-8.036833,-88.564000
66,Joanna,Barnett,F,michaelsmith@example.com,Mozambique,24.3184655,37.568051
67,Gabriella,Howell,F,vasquezjulie@example.net,Pakistan,-11.9158835,158.054386
68,Alicia,Griffith,F,cynthiagiles@example.com,Tanzania,-42.177934,-140.586777
69,Robin,Jacobs,F,roberta68@example.com,Canada,34.036174,-40.762069
70,Kari,Mcdonald,F,nelsoncorey@example.net,Jamaica,-71.2754755,10.684369
71,Andrea,Ramos,M,williamshah@example.net,Bermuda,17.890578,161.435123
72,Melissa,Jacobs,M,allisonyoung@example.com,Ethiopia,-71.5976285,-139.796544
73,Melissa,Lozano,F,taylor80@example.org,French Southern Territories,85.306336,118.630297
74,Debra,Lynch,M,philipross@example.com,Somalia,-20.335137,147.706852
75,Erin,Walker,M,meganjohnson@example.net,Iraq,-5.0323535,51.802402
76,Taylor,Wright,F,james29@example.com,Mozambique,-50.223215,145.483304
77,Theresa,Stevens,M,dillontaylor@example.net,Kazakhstan,6.929296,-13.697866
78,Nicole,Allen,F,jennifertorres@example.org,Denmark,16.5709845,-7.465708
79,Katherine,Garcia,F,bradypacheco@example.org,Tuvalu,-31.8682115,-161.363366
80,Kathleen,Rice,F,rpeterson@example.org,New Zealand,-43.6443825,-128.873325
81,Courtney,Hall,F,kgray@example.org,Dominica,-13.8605605,68.343495
82,Kimberly,Price,F,vespinoza@example.com,Nauru,-60.218259,-65.191392
83,Wendy,Williams,M,mathewsluis@example.com,Thailand,65.760683,-25.802380
84,Tamara,Ross,M,laurajohnson@example.com,Cameroon,88.458901,111.293014
85,Amy,Gray,F,christopherpearson@example.com,United Kingdom,-86.123389,-160.957383
86,Kimberly,Warren,M,bradhill@example.org,Jersey,-65.5622515,-77.934971
87,Alyssa,Walsh,F,gloria37@example.com,Greenland,79.3996915,-36.133003
88,Tracy,May,F,johnmatthews@example.net,China,3.848993,50.035159
89,Lisa,Castro,F,steinamy@example.net,Cook Islands,53.990085,47.697571
90,Tamara,Jones,M,julia14@example.org,Bhutan,-49.463627,-148.480787
91,Tamara,Bond,F,brownchristopher@example.net,Latvia,44.5204715,18.778170
92,Annette,Edwards,M,amandaramos@example.org,Ukraine,16.082541,59.489048
93,Allison,Warren,F,wrightmark@example.com,Antigua and Barbuda,13.142621,-148.774215
94,Morgan,Edwards,M,jorgejames@example.org,Togo,-8.464214,-129.502748
95,Jessica,Sanchez,M,markmorgan@example.com,Zimbabwe,66.803973,78.316738
96,Ashley,Delgado,F,jmills@example.net,Tanzania,66.0586055,99.215116
97,Kimberly,Prince,F,julia35@example.com,Mali,-2.967754,-127.719464
98,Jennifer,Martinez,M,williamslisa@example.net,Martinique,-5.805173,44.190974
99,Elizabeth,Gomez,F,kaitlyn88@example.org,Malta,-57.287385,-100.136964
